order_id,customer_id,product,region,amount,order_date
1,CUST_018,Keyboard,Center,2279.4,2025-04-04
2,CUST_081,Laptop,South,2535.26,2025-02-04
3,CUST_081,Keyboard,Center,3745.31,2025-01-01
4,CUST_077,Mouse,North,3496.4,2025-05-09
5,CUST_057,Monitor,North,4280.81,2025-01-02
6,CUST_085,Laptop,North,870.95,2025-01-12
7,CUST_005,Laptop,South,1723.16,2025-05-20
8,CUST_046,Mouse,South,64.06,2025-05-27
9,CUST_074,Monitor,Center,3348.04,2025-05-02
10,CUST_099,Laptop,North,934.54,2025-03-28
11,CUST_021,Mouse,North,1286.91,2025-03-27
12,CUST_028,Laptop,North,1123.35,2025-01-21
13,CUST_063,Laptop,North,677.38,2025-01-22
14,CUST_014,Laptop,Center,645.21,2025-04-14
15,CUST_075,Keyboard,North,1384.49,2025-05-13
16,CUST_100,Keyboard,Center,808.24,2025-02-06
17,CUST_026,Monitor,South,1029.95,2025-01-17
18,CUST_078,Monitor,South,2982.57,2025-04-23
19,CUST_055,Monitor,North,1151.01,2025-02-04
20,CUST_077,Headphones,Center,2673.43,2025-02-01
21,CUST_072,Keyboard,North,57.76,2025-04-11
22,CUST_074,Mouse,South,4508.44,2025-03-04
23,CUST_019,Monitor,North,61.76,2025-05-23
24,CUST_044,Mouse,North,1411.56,2025-03-28
25,CUST_063,Laptop,South,2475.3,2025-02-10
26,CUST_027,Keyboard,North,2817.49,2025-04-13
27,CUST_093,Monitor,South,1021.27,2025-01-18
28,CUST_097,Mouse,South,3396.09,2025-03-11
29,CUST_084,Headphones,Center,4745.47,2025-01-18
30,CUST_043,Keyboard,North,2339.37,2025-02-18
31,CUST_083,Laptop,North,4153.13,2025-04-03
32,CUST_078,Headphones,North,1296.11,2025-01-13
33,CUST_080,Keyboard,Center,4772.5,2025-02-03
34,CUST_028,Laptop,South,2342.02,2025-02-28
35,CUST_087,Monitor,South,2484.03,2025-05-19
36,CUST_019,Headphones,South,4651.8,2025-01-26
37,CUST_060,Mouse,South,668.42,2025-03-26
38,CUST_047,Mouse,North,1047.46,2025-01-19
39,CUST_099,Monitor,North,3884.24,2025-01-24
40,CUST_059,Keyboard,Center,2729.42,2025-04-10
41,CUST_061,Keyboard,South,1624.32,2025-03-05
42,CUST_025,Laptop,South,1670.76,2025-03-31
43,CUST_039,Monitor,South,3499.07,2025-02-06
44,CUST_086,Laptop,South,4178.58,2025-01-05
45,CUST_003,Keyboard,Center,1437.52,2025-02-10
46,CUST_019,Laptop,South,3686.57,2025-01-18
47,CUST_050,Keyboard,South,2074.66,2025-05-25
48,CUST_068,Mouse,South,853.14,2025-01-15
49,CUST_060,Monitor,North,4547.64,2025-02-08
50,CUST_061,Headphones,Center,1796.06,2025-02-16
51,CUST_038,Headphones,North,3989.51,2025-04-07
52,CUST_006,Mouse,North,4343.61,2025-02-20
53,CUST_096,Laptop,South,3009.52,2025-01-10
54,CUST_070,Keyboard,Center,2335.44,2025-01-15
55,CUST_006,Headphones,South,2600.07,2025-03-21
56,CUST_006,Keyboard,South,662.72,2025-05-09
57,CUST_085,Laptop,South,1988.66,2025-01-05
58,CUST_073,Headphones,South,4693.78,2025-01-27
59,CUST_062,Mouse,North,934.5,2025-05-17
60,CUST_061,Headphones,South,2255.72,2025-01-28
61,CUST_089,Monitor,South,2324.88,2025-05-31
62,CUST_096,Laptop,South,253.61,2025-01-06
63,CUST_090,Headphones,North,2362.09,2025-01-14
64,CUST_022,Monitor,South,3524.24,2025-01-14
65,CUST_048,Laptop,North,2902.18,2025-02-24
66,CUST_040,Monitor,South,4852.36,2025-05-31
67,CUST_003,Keyboard,South,3244.23,2025-05-04
68,CUST_090,Monitor,North,2748.38,2025-03-21
69,CUST_076,Keyboard,Center,1217.69,2025-04-24
70,CUST_065,Laptop,Center,1269.34,2025-03-31
71,CUST_016,Headphones,South,3628.22,2025-03-05
72,CUST_070,Headphones,Center,461.86,2025-02-06
73,CUST_066,Laptop,Center,1098.75,2025-01-02
74,CUST_046,Keyboard,North,1277.17,2025-04-30
75,CUST_074,Headphones,Center,387.59,2025-03-24
76,CUST_076,Keyboard,North,727.31,2025-02-16
77,CUST_025,Mouse,North,58.1,2025-01-12
78,CUST_082,Keyboard,North,2800.67,2025-04-22
79,CUST_013,Keyboard,Center,3242.05,2025-01-12
80,CUST_017,Monitor,South,3509.68,2025-03-17
81,CUST_070,Laptop,South,1267.93,2025-04-14
82,CUST_068,Laptop,North,196.26,2025-02-25
83,CUST_007,Mouse,North,3730.42,2025-03-19
84,CUST_018,Headphones,North,2720.66,2025-03-25
85,CUST_024,Keyboard,North,933.95,2025-05-12
86,CUST_081,Monitor,Center,2555.81,2025-02-04
87,CUST_084,Headphones,North,2669.89,2025-05-14
88,CUST_029,Monitor,Center,644.69,2025-01-16
89,CUST_095,Headphones,Center,2423.5,2025-02-04
90,CUST_044,Laptop,South,3444.23,2025-05-07
91,CUST_018,Mouse,South,463.38,2025-05-20
92,CUST_096,Keyboard,Center,1140.57,2025-02-19
93,CUST_092,Monitor,Center,3603.9,2025-01-11
94,CUST_027,Headphones,North,4465.04,2025-04-01
95,CUST_086,Monitor,South,490.45,2025-02-20
96,CUST_099,Headphones,North,934.65,2025-05-28
97,CUST_070,Monitor,South,4820.69,2025-02-06
98,CUST_040,Headphones,South,2923.2,2025-03-05
99,CUST_058,Headphones,North,4884.52,2025-01-04
100,CUST_074,Monitor,South,843.94,2025-05-25
101,CUST_006,Laptop,South,2602.49,2025-02-14
102,CUST_034,Headphones,North,1774.4,2025-02-18
103,CUST_085,Monitor,Center,576.82,2025-03-23
104,CUST_095,Keyboard,North,2766.14,2025-04-29
105,CUST_043,Headphones,North,3525.64,2025-01-22
106,CUST_010,Monitor,North,270.79,2025-01-17
107,CUST_047,Mouse,South,4647.06,2025-01-10
108,CUST_047,Mouse,South,860.84,2025-04-22
109,CUST_028,Monitor,South,1638.72,2025-01-23
110,CUST_079,Laptop,Center,450.98,2025-04-24
111,CUST_084,Mouse,Center,120.25,2025-02-10
112,CUST_054,Monitor,North,3117.33,2025-05-27
113,CUST_076,Laptop,North,3085.73,2025-05-22
114,CUST_011,Monitor,South,212.39,2025-03-31
115,CUST_056,Mouse,North,866.82,2025-04-26
116,CUST_048,Laptop,South,4523.69,2025-03-26
117,CUST_081,Monitor,North,1143.0,2025-01-24
118,CUST_029,Mouse,Center,3228.39,2025-05-22
119,CUST_059,Mouse,Center,1524.0,2025-02-20
120,CUST_031,Headphones,Center,3213.93,2025-03-14
121,CUST_043,Laptop,South,663.55,2025-05-17
122,CUST_006,Headphones,Center,2472.42,2025-04-21
123,CUST_037,Mouse,North,672.01,2025-05-23
124,CUST_030,Keyboard,South,1399.04,2025-01-12
125,CUST_024,Mouse,Center,2837.12,2025-04-16
126,CUST_049,Headphones,Center,4526.27,2025-03-07
127,CUST_059,Laptop,Center,4814.51,2025-01-16
128,CUST_031,Keyboard,North,235.04,2025-03-17
129,CUST_057,Monitor,Center,1392.03,2025-02-04
130,CUST_085,Laptop,South,1183.63,2025-04-05
131,CUST_030,Laptop,Center,1361.85,2025-05-14
132,CUST_066,Laptop,South,3866.74,2025-05-17
133,CUST_066,Monitor,North,399.12,2025-02-05
134,CUST_004,Monitor,Center,273.98,2025-05-15
135,CUST_097,Laptop,North,1711.87,2025-03-19
136,CUST_015,Mouse,South,4720.37,2025-04-07
137,CUST_054,Mouse,North,4734.16,2025-03-14
138,CUST_067,Headphones,North,2307.42,2025-04-23
139,CUST_038,Monitor,South,4061.29,2025-03-07
140,CUST_063,Keyboard,South,4989.18,2025-03-22
141,CUST_088,Monitor,South,1666.25,2025-02-25
142,CUST_059,Laptop,South,1917.38,2025-04-01
143,CUST_067,Keyboard,South,303.23,2025-04-24
144,CUST_011,Keyboard,Center,4004.85,2025-01-23
145,CUST_029,Keyboard,Center,1326.16,2025-02-28
146,CUST_084,Monitor,North,4471.2,2025-04-06
147,CUST_014,Headphones,Center,407.14,2025-01-27
148,CUST_049,Monitor,South,1175.72,2025-03-10
149,CUST_070,Laptop,South,1339.37,2025-04-01
150,CUST_080,Headphones,South,4256.27,2025-04-15
151,CUST_044,Keyboard,Center,4990.78,2025-04-15
152,CUST_038,Keyboard,Center,2122.3,2025-02-09
153,CUST_099,Monitor,South,2987.66,2025-02-06
154,CUST_067,Keyboard,South,1835.85,2025-01-02
155,CUST_085,Laptop,North,62.55,2025-01-08
156,CUST_015,Laptop,South,1853.32,2025-03-20
157,CUST_035,Headphones,South,854.9,2025-04-27
158,CUST_065,Monitor,North,2545.35,2025-01-15
159,CUST_042,Headphones,South,848.8,2025-03-20
160,CUST_002,Headphones,South,2915.04,2025-04-04
161,CUST_082,Headphones,North,2395.78,2025-03-24
162,CUST_018,Mouse,South,377.34,2025-02-22
163,CUST_093,Headphones,Center,200.97,2025-04-05
164,CUST_038,Keyboard,Center,3246.82,2025-01-12
165,CUST_015,Monitor,South,2218.4,2025-03-17
166,CUST_011,Laptop,North,3956.74,2025-04-27
167,CUST_056,Mouse,North,4182.39,2025-02-17
168,CUST_038,Laptop,Center,3676.46,2025-01-12
169,CUST_031,Monitor,South,639.38,2025-05-15
170,CUST_090,Mouse,South,1849.35,2025-04-09
171,CUST_014,Headphones,South,724.93,2025-04-02
172,CUST_011,Mouse,South,4122.25,2025-01-20
173,CUST_080,Laptop,Center,3881.75,2025-01-08
174,CUST_070,Headphones,North,454.33,2025-03-11
175,CUST_025,Keyboard,South,562.78,2025-04-28
176,CUST_082,Laptop,North,2189.0,2025-05-11
177,CUST_025,Headphones,North,3169.12,2025-02-16
178,CUST_083,Laptop,South,1230.66,2025-01-09
179,CUST_090,Headphones,Center,3074.11,2025-02-21
180,CUST_093,Laptop,North,3588.39,2025-03-19
181,CUST_055,Laptop,South,1271.94,2025-03-29
182,CUST_088,Monitor,Center,2262.4,2025-04-22
183,CUST_088,Headphones,South,2236.96,2025-02-05
184,CUST_087,Keyboard,North,1188.9,2025-03-03
185,CUST_093,Monitor,South,2765.21,2025-03-02
186,CUST_041,Monitor,North,910.33,2025-01-08
187,CUST_051,Laptop,South,4880.06,2025-01-31
188,CUST_070,Headphones,South,559.0,2025-02-21
189,CUST_074,Keyboard,Center,3755.93,2025-02-01
190,CUST_094,Mouse,North,2798.76,2025-04-25
191,CUST_008,Monitor,North,2392.84,2025-02-02
192,CUST_035,Mouse,South,411.36,2025-03-24
193,CUST_083,Mouse,South,3039.98,2025-03-04
194,CUST_036,Mouse,Center,2280.09,2025-04-25
195,CUST_032,Mouse,North,3578.32,2025-05-27
196,CUST_037,Mouse,North,4646.8,2025-01-02
197,CUST_012,Monitor,Center,4661.46,2025-02-16
198,CUST_026,Keyboard,North,3632.06,2025-03-04
199,CUST_077,Headphones,Center,3658.68,2025-02-19
200,CUST_098,Mouse,North,3462.19,2025-04-26
201,CUST_090,Keyboard,Center,2020.03,2025-05-10
202,CUST_058,Headphones,South,4035.27,2025-01-25
203,CUST_097,Laptop,North,4508.08,2025-01-22
204,CUST_069,Keyboard,South,4864.46,2025-03-11
205,CUST_064,Keyboard,South,113.56,2025-03-31
206,CUST_087,Monitor,Center,698.69,2025-04-15
207,CUST_049,Mouse,South,3619.23,2025-02-19
208,CUST_020,Monitor,South,3952.67,2025-01-25
209,CUST_011,Monitor,Center,3289.62,2025-03-22
210,CUST_078,Keyboard,South,611.91,2025-05-27
211,CUST_009,Mouse,North,790.85,2025-02-05
212,CUST_085,Mouse,South,165.91,2025-03-09
213,CUST_049,Keyboard,North,2048.71,2025-02-13
214,CUST_025,Laptop,North,217.36,2025-01-13
215,CUST_025,Laptop,Center,2574.11,2025-04-18
216,CUST_019,Headphones,Center,3093.91,2025-03-16
217,CUST_084,Laptop,Center,3214.04,2025-05-17
218,CUST_030,Mouse,North,4311.81,2025-01-18
219,CUST_015,Monitor,Center,3691.88,2025-03-18
220,CUST_022,Monitor,North,537.98,2025-01-15
221,CUST_094,Headphones,Center,914.97,2025-02-07
222,CUST_008,Monitor,North,4165.34,2025-04-17
223,CUST_061,Laptop,North,3061.96,2025-04-16
224,CUST_023,Monitor,Center,4497.33,2025-04-22
225,CUST_002,Headphones,Center,3256.6,2025-05-07
226,CUST_025,Mouse,South,4739.5,2025-04-27
227,CUST_097,Keyboard,South,65.32,2025-05-23
228,CUST_044,Mouse,North,2702.54,2025-05-18
229,CUST_011,Monitor,North,2132.24,2025-05-02
230,CUST_073,Keyboard,North,170.55,2025-03-06
231,CUST_029,Headphones,North,4223.59,2025-05-25
232,CUST_069,Mouse,North,218.96,2025-01-19
233,CUST_091,Monitor,South,2472.51,2025-04-03
234,CUST_038,Laptop,South,2234.26,2025-03-15
235,CUST_065,Mouse,South,3152.97,2025-04-25
236,CUST_051,Mouse,Center,2232.96,2025-02-07
237,CUST_088,Monitor,Center,4052.57,2025-01-07
238,CUST_018,Headphones,Center,2691.34,2025-04-24
239,CUST_065,Headphones,North,3134.17,2025-02-02
240,CUST_100,Keyboard,Center,687.61,2025-02-23
241,CUST_100,Laptop,North,1524.62,2025-03-10
242,CUST_067,Monitor,North,2844.99,2025-04-11
243,CUST_013,Keyboard,North,1799.57,2025-03-13
244,CUST_033,Headphones,Center,543.89,2025-05-17
245,CUST_042,Laptop,Center,4213.77,2025-02-25
246,CUST_035,Headphones,Center,1323.37,2025-02-05
247,CUST_091,Monitor,Center,2389.91,2025-02-09
248,CUST_083,Mouse,North,2085.61,2025-02-01
249,CUST_034,Keyboard,North,4272.19,2025-01-22
250,CUST_036,Keyboard,South,4320.28,2025-05-18
251,CUST_010,Monitor,North,1070.17,2025-05-12
252,CUST_038,Laptop,South,1319.59,2025-03-04
253,CUST_033,Keyboard,North,4910.45,2025-02-01
254,CUST_039,Keyboard,South,3714.84,2025-03-18
255,CUST_060,Headphones,Center,4230.85,2025-04-22
256,CUST_048,Monitor,South,4176.94,2025-01-04
257,CUST_027,Mouse,South,4648.4,2025-01-07
258,CUST_086,Headphones,Center,2643.07,2025-03-24
259,CUST_066,Mouse,North,3493.31,2025-05-20
260,CUST_053,Mouse,Center,2816.08,2025-03-18
261,CUST_020,Headphones,North,3595.38,2025-03-03
262,CUST_057,Keyboard,South,3548.11,2025-04-07
263,CUST_036,Keyboard,North,3952.74,2025-01-08
264,CUST_065,Headphones,Center,3464.21,2025-03-20
265,CUST_089,Monitor,Center,4371.77,2025-05-15
266,CUST_060,Mouse,South,1997.29,2025-05-07
267,CUST_001,Keyboard,South,3031.98,2025-02-02
268,CUST_049,Keyboard,Center,4293.77,2025-02-06
269,CUST_084,Laptop,South,3812.46,2025-04-17
270,CUST_092,Mouse,North,3029.97,2025-05-19
271,CUST_079,Mouse,North,3342.22,2025-02-28
272,CUST_097,Headphones,North,4782.37,2025-03-14
273,CUST_074,Monitor,Center,787.9,2025-02-02
274,CUST_092,Laptop,Center,2978.01,2025-04-19
275,CUST_037,Headphones,North,733.33,2025-04-15
276,CUST_045,Mouse,North,4126.34,2025-04-29
277,CUST_048,Mouse,Center,1965.56,2025-02-27
278,CUST_072,Monitor,North,909.29,2025-02-15
279,CUST_074,Headphones,South,1757.55,2025-05-27
280,CUST_050,Laptop,Center,513.94,2025-05-21
281,CUST_080,Headphones,South,3860.75,2025-03-09
282,CUST_033,Mouse,South,1963.37,2025-05-18
283,CUST_040,Headphones,North,1910.26,2025-03-19
284,CUST_077,Laptop,Center,422.8,2025-02-24
285,CUST_094,Monitor,North,4754.0,2025-03-12
286,CUST_015,Laptop,North,4769.26,2025-04-18
287,CUST_088,Laptop,Center,3292.32,2025-05-04
288,CUST_052,Keyboard,Center,1001.5,2025-02-15
289,CUST_020,Laptop,North,3111.57,2025-02-21
290,CUST_076,Mouse,South,3851.95,2025-01-17
291,CUST_085,Monitor,North,375.25,2025-05-16
292,CUST_046,Laptop,South,327.16,2025-05-17
293,CUST_013,Headphones,South,3411.42,2025-02-01
294,CUST_074,Keyboard,North,4405.23,2025-02-04
295,CUST_014,Mouse,South,4568.73,2025-01-25
296,CUST_028,Keyboard,South,107.59,2025-05-18
297,CUST_078,Keyboard,South,4038.12,2025-01-11
298,CUST_008,Laptop,South,2496.65,2025-01-28
299,CUST_001,Monitor,North,1790.85,2025-01-27
300,CUST_033,Mouse,South,3555.4,2025-03-19
301,CUST_054,Mouse,South,1683.91,2025-05-30
302,CUST_048,Headphones,North,106.39,2025-01-23
303,CUST_098,Headphones,North,1499.21,2025-04-08
304,CUST_040,Monitor,Center,3772.32,2025-05-20
305,CUST_095,Headphones,Center,1297.35,2025-05-31
306,CUST_067,Headphones,Center,4184.94,2025-04-16
307,CUST_059,Keyboard,Center,2400.79,2025-01-01
308,CUST_080,Laptop,Center,1494.64,2025-02-13
309,CUST_075,Monitor,North,1968.32,2025-04-24
310,CUST_013,Mouse,South,774.18,2025-01-18
311,CUST_097,Laptop,Center,837.4,2025-04-29
312,CUST_093,Headphones,North,519.73,2025-02-22
313,CUST_059,Monitor,Center,2805.4,2025-03-03
314,CUST_042,Monitor,North,692.13,2025-04-18
315,CUST_076,Mouse,Center,912.77,2025-01-14
316,CUST_085,Headphones,Center,2983.29,2025-03-28
317,CUST_023,Mouse,South,4704.57,2025-01-13
318,CUST_018,Laptop,North,2980.18,2025-05-19
319,CUST_092,Headphones,Center,3249.89,2025-05-07
320,CUST_028,Monitor,Center,2518.3,2025-02-21
321,CUST_071,Mouse,North,4553.71,2025-02-13
322,CUST_015,Keyboard,North,3519.55,2025-05-21
323,CUST_012,Keyboard,North,2399.96,2025-03-01
324,CUST_100,Headphones,Center,2830.32,2025-05-07
325,CUST_027,Monitor,South,2190.42,2025-03-10
326,CUST_094,Mouse,North,4184.02,2025-04-19
327,CUST_034,Keyboard,South,2485.25,2025-04-20
328,CUST_076,Mouse,Center,3931.92,2025-02-16
329,CUST_072,Headphones,North,2126.64,2025-04-28
330,CUST_054,Headphones,Center,4170.06,2025-05-19
331,CUST_071,Monitor,North,3820.76,2025-05-20
332,CUST_084,Laptop,Center,2300.65,2025-05-17
333,CUST_077,Monitor,Center,2609.71,2025-04-12
334,CUST_006,Monitor,South,784.18,2025-03-27
335,CUST_064,Keyboard,Center,4605.0,2025-02-21
336,CUST_081,Keyboard,North,3027.81,2025-05-12
337,CUST_073,Headphones,Center,2224.48,2025-04-20
338,CUST_038,Headphones,Center,1495.34,2025-04-01
339,CUST_061,Headphones,North,1123.17,2025-04-08
340,CUST_068,Laptop,North,2496.26,2025-05-09
341,CUST_018,Mouse,North,696.31,2025-01-17
342,CUST_050,Laptop,South,4834.58,2025-04-12
343,CUST_028,Headphones,Center,797.76,2025-01-03
344,CUST_069,Keyboard,South,3002.95,2025-01-15
345,CUST_057,Keyboard,South,2615.7,2025-02-15
346,CUST_098,Monitor,Center,4227.59,2025-04-25
347,CUST_065,Monitor,Center,2073.89,2025-04-30
348,CUST_001,Laptop,South,2568.53,2025-02-28
349,CUST_050,Mouse,Center,2339.32,2025-05-20
350,CUST_075,Headphones,North,4894.79,2025-05-21
351,CUST_027,Laptop,North,2364.1,2025-04-08
352,CUST_065,Headphones,South,4474.02,2025-04-26
353,CUST_049,Keyboard,North,393.39,2025-05-22
354,CUST_025,Mouse,South,2010.14,2025-03-25
355,CUST_097,Keyboard,Center,2914.09,2025-05-21
356,CUST_057,Mouse,Center,3358.48,2025-02-16
357,CUST_048,Monitor,North,4541.35,2025-04-22
358,CUST_030,Keyboard,North,870.59,2025-02-19
359,CUST_079,Keyboard,Center,1709.14,2025-04-11
360,CUST_003,Headphones,Center,807.44,2025-04-03
361,CUST_042,Mouse,North,4496.7,2025-04-22
362,CUST_039,Mouse,Center,606.52,2025-04-23
363,CUST_006,Headphones,North,3852.35,2025-03-07
364,CUST_097,Monitor,Center,3255.32,2025-02-02
365,CUST_063,Mouse,South,1566.82,2025-03-16
366,CUST_028,Keyboard,South,1764.81,2025-04-28
367,CUST_012,Headphones,North,1780.86,2025-04-16
368,CUST_021,Monitor,Center,3406.77,2025-03-21
369,CUST_051,Headphones,South,288.79,2025-02-01
370,CUST_004,Keyboard,South,2196.39,2025-03-25
371,CUST_043,Keyboard,Center,4396.44,2025-04-01
372,CUST_047,Keyboard,South,2227.31,2025-03-05
373,CUST_051,Laptop,South,1481.38,2025-04-07
374,CUST_055,Laptop,Center,1388.6,2025-05-31
375,CUST_086,Headphones,North,4170.7,2025-05-16
376,CUST_072,Laptop,South,4325.4,2025-01-15
377,CUST_082,Laptop,South,2574.02,2025-04-05
378,CUST_039,Keyboard,South,3660.79,2025-05-19
379,CUST_024,Mouse,South,114.02,2025-03-23
380,CUST_070,Mouse,Center,4445.55,2025-02-21
381,CUST_022,Monitor,Center,2265.24,2025-02-28
382,CUST_075,Mouse,Center,2029.94,2025-01-07
383,CUST_059,Keyboard,Center,2446.47,2025-03-25
384,CUST_094,Monitor,South,1109.02,2025-01-11
385,CUST_078,Mouse,South,4364.32,2025-03-22
386,CUST_003,Laptop,North,3063.51,2025-05-06
387,CUST_064,Laptop,North,4888.22,2025-03-27
388,CUST_058,Mouse,North,2356.76,2025-02-27
389,CUST_055,Keyboard,South,367.61,2025-01-26
390,CUST_006,Keyboard,North,3316.51,2025-02-20
391,CUST_065,Monitor,Center,682.25,2025-02-05
392,CUST_060,Monitor,North,1809.9,2025-02-07
393,CUST_084,Keyboard,South,65.88,2025-04-09
394,CUST_091,Keyboard,South,2253.94,2025-04-18
395,CUST_057,Laptop,South,1975.33,2025-04-17
396,CUST_042,Laptop,North,1187.47,2025-02-26
397,CUST_078,Headphones,Center,4324.07,2025-03-08
398,CUST_029,Headphones,South,1909.34,2025-01-31
399,CUST_042,Keyboard,Center,1198.14,2025-04-14
400,CUST_098,Keyboard,Center,3038.11,2025-02-24
401,CUST_074,Keyboard,South,3274.09,2025-04-20
402,CUST_054,Headphones,South,2197.49,2025-01-29
403,CUST_082,Mouse,South,1242.38,2025-03-29
404,CUST_009,Headphones,South,1704.35,2025-01-29
405,CUST_015,Headphones,North,2759.68,2025-01-29
406,CUST_097,Laptop,South,552.09,2025-05-24
407,CUST_091,Headphones,North,4933.09,2025-01-31
408,CUST_060,Laptop,Center,1908.1,2025-02-24
409,CUST_026,Mouse,North,376.11,2025-03-25
410,CUST_009,Keyboard,Center,2855.75,2025-03-17
411,CUST_087,Keyboard,Center,3015.04,2025-03-25
412,CUST_070,Laptop,North,4556.96,2025-02-07
413,CUST_077,Monitor,Center,1476.01,2025-03-05
414,CUST_003,Headphones,Center,170.22,2025-04-24
415,CUST_027,Keyboard,South,4428.68,2025-03-17
416,CUST_015,Monitor,Center,878.39,2025-03-30
417,CUST_002,Keyboard,South,4047.68,2025-01-22
418,CUST_060,Mouse,Center,2673.24,2025-03-15
419,CUST_043,Keyboard,Center,4555.99,2025-05-02
420,CUST_034,Monitor,Center,2922.13,2025-04-19
421,CUST_076,Laptop,South,598.48,2025-04-03
422,CUST_055,Headphones,North,1982.75,2025-05-26
423,CUST_053,Mouse,South,2402.3,2025-03-04
424,CUST_016,Mouse,North,4415.3,2025-05-24
425,CUST_073,Keyboard,North,4796.58,2025-02-02
426,CUST_001,Headphones,South,4208.05,2025-04-28
427,CUST_098,Keyboard,South,4676.13,2025-05-24
428,CUST_023,Headphones,North,660.63,2025-05-02
429,CUST_032,Laptop,South,3710.3,2025-04-18
430,CUST_084,Monitor,North,861.57,2025-03-01
431,CUST_023,Laptop,Center,2539.32,2025-03-13
432,CUST_098,Monitor,South,527.54,2025-02-05
433,CUST_042,Keyboard,Center,1347.29,2025-01-28
434,CUST_025,Mouse,South,4978.08,2025-01-25
435,CUST_005,Mouse,North,1888.12,2025-03-21
436,CUST_081,Keyboard,Center,2709.56,2025-01-22
437,CUST_073,Mouse,Center,2007.69,2025-03-23
438,CUST_061,Laptop,Center,2489.19,2025-04-15
439,CUST_009,Mouse,North,2649.06,2025-04-21
440,CUST_034,Laptop,North,2991.73,2025-04-09
441,CUST_097,Laptop,Center,3776.88,2025-02-04
442,CUST_004,Mouse,South,718.51,2025-02-17
443,CUST_049,Keyboard,Center,84.38,2025-01-06
444,CUST_060,Laptop,Center,175.13,2025-05-07
445,CUST_064,Keyboard,Center,4987.35,2025-05-29
446,CUST_046,Monitor,North,1579.94,2025-02-05
447,CUST_031,Laptop,North,2321.37,2025-04-22
448,CUST_093,Headphones,Center,3774.91,2025-04-08
449,CUST_053,Keyboard,North,4747.59,2025-04-05
450,CUST_067,Mouse,South,1998.38,2025-04-23
451,CUST_061,Monitor,North,1054.96,2025-03-24
452,CUST_031,Monitor,South,2311.64,2025-01-24
453,CUST_019,Laptop,North,1317.82,2025-03-02
454,CUST_083,Laptop,Center,4855.1,2025-01-09
455,CUST_031,Mouse,South,4987.93,2025-05-15
456,CUST_063,Keyboard,North,4787.71,2025-01-25
457,CUST_087,Monitor,North,3921.92,2025-01-19
458,CUST_023,Keyboard,South,135.73,2025-02-01
459,CUST_051,Monitor,North,4073.05,2025-02-21
460,CUST_072,Keyboard,Center,763.48,2025-01-23
461,CUST_051,Monitor,Center,2895.57,2025-02-22
462,CUST_029,Mouse,South,1323.73,2025-01-04
463,CUST_048,Headphones,Center,4436.61,2025-01-01
464,CUST_096,Keyboard,South,2553.45,2025-03-28
465,CUST_067,Mouse,South,2779.48,2025-04-08
466,CUST_071,Keyboard,Center,342.24,2025-01-06
467,CUST_038,Mouse,South,3452.33,2025-05-20
468,CUST_056,Laptop,Center,4552.71,2025-02-06
469,CUST_046,Keyboard,South,1704.76,2025-01-06
470,CUST_083,Mouse,South,1486.63,2025-03-13
471,CUST_033,Keyboard,North,4325.54,2025-04-11
472,CUST_095,Headphones,South,129.75,2025-02-25
473,CUST_061,Laptop,South,1619.49,2025-03-29
474,CUST_021,Keyboard,Center,60.97,2025-02-24
475,CUST_074,Mouse,South,4017.36,2025-02-04
476,CUST_084,Laptop,North,4022.62,2025-01-25
477,CUST_084,Headphones,Center,3659.35,2025-04-07
478,CUST_094,Keyboard,Center,69.26,2025-05-26
479,CUST_074,Headphones,Center,4141.44,2025-02-02
480,CUST_047,Headphones,North,1572.73,2025-02-18
481,CUST_028,Headphones,Center,1606.71,2025-05-04
482,CUST_020,Mouse,North,3621.45,2025-03-05
483,CUST_092,Laptop,South,4359.06,2025-04-12
484,CUST_088,Headphones,Center,1272.64,2025-02-01
485,CUST_047,Mouse,North,4147.61,2025-02-07
486,CUST_075,Headphones,North,2609.93,2025-01-23
487,CUST_067,Mouse,North,618.59,2025-04-04
488,CUST_080,Keyboard,South,1532.79,2025-01-04
489,CUST_019,Headphones,North,351.91,2025-03-02
490,CUST_075,Laptop,South,3406.73,2025-05-01
491,CUST_052,Headphones,North,443.97,2025-03-27
492,CUST_021,Monitor,South,1591.12,2025-02-09
493,CUST_013,Headphones,North,2196.04,2025-04-15
494,CUST_045,Monitor,North,629.24,2025-03-06
495,CUST_066,Laptop,North,961.05,2025-05-30
496,CUST_074,Headphones,North,2590.88,2025-01-16
497,CUST_021,Monitor,Center,4999.34,2025-04-15
498,CUST_040,Keyboard,North,3934.57,2025-03-15
499,CUST_095,Mouse,Center,1365.87,2025-05-12
500,CUST_088,Headphones,Center,4261.19,2025-02-21
501,CUST_022,Mouse,Center,1709.95,2025-03-21
502,CUST_097,Monitor,South,4770.61,2025-04-11
503,CUST_038,Laptop,Center,1268.42,2025-04-02
504,CUST_056,Keyboard,South,3701.49,2025-04-19
505,CUST_002,Keyboard,South,1020.94,2025-04-12
506,CUST_032,Keyboard,South,4023.93,2025-05-03
507,CUST_097,Monitor,Center,3131.44,2025-02-12
508,CUST_013,Laptop,South,4367.24,2025-04-23
509,CUST_075,Monitor,North,3275.3,2025-04-16
510,CUST_030,Keyboard,North,2720.96,2025-04-09
511,CUST_011,Headphones,North,844.48,2025-05-28
512,CUST_052,Laptop,Center,2453.15,2025-02-26
513,CUST_086,Headphones,Center,4431.4,2025-03-23
514,CUST_041,Keyboard,South,499.01,2025-03-23
515,CUST_048,Laptop,South,586.42,2025-01-15
516,CUST_048,Headphones,Center,2243.05,2025-02-21
517,CUST_053,Laptop,Center,4722.62,2025-01-27
518,CUST_062,Laptop,North,241.15,2025-05-23
519,CUST_051,Keyboard,North,3601.23,2025-02-27
520,CUST_098,Keyboard,Center,4237.85,2025-05-31
521,CUST_007,Laptop,South,2434.33,2025-05-24
522,CUST_056,Headphones,South,77.72,2025-03-10
523,CUST_096,Keyboard,North,1763.8,2025-02-22
524,CUST_035,Monitor,North,3459.62,2025-04-29
525,CUST_061,Monitor,South,2837.36,2025-04-07
526,CUST_088,Monitor,North,4519.95,2025-03-29
527,CUST_005,Monitor,North,770.91,2025-03-01
528,CUST_090,Keyboard,South,932.85,2025-04-13
529,CUST_081,Laptop,Center,3506.83,2025-01-18
530,CUST_075,Headphones,Center,2870.51,2025-05-27
531,CUST_079,Headphones,North,55.56,2025-01-06
532,CUST_089,Keyboard,North,1513.23,2025-03-11
533,CUST_095,Mouse,South,251.61,2025-02-04
534,CUST_084,Laptop,North,4320.78,2025-05-16
535,CUST_002,Laptop,North,1054.64,2025-03-26
536,CUST_004,Mouse,South,3258.83,2025-04-29
537,CUST_034,Keyboard,Center,4445.13,2025-04-25
538,CUST_095,Keyboard,North,1811.91,2025-03-11
539,CUST_007,Headphones,North,2926.5,2025-02-01
540,CUST_012,Keyboard,North,1929.25,2025-05-09
541,CUST_050,Keyboard,Center,2863.12,2025-03-21
542,CUST_088,Keyboard,South,3454.03,2025-03-26
543,CUST_004,Laptop,North,3114.63,2025-01-04
544,CUST_044,Mouse,North,3638.79,2025-01-15
545,CUST_089,Laptop,South,4015.06,2025-04-14
546,CUST_018,Mouse,Center,544.55,2025-04-17
547,CUST_072,Keyboard,North,427.6,2025-01-13
548,CUST_075,Keyboard,Center,3165.95,2025-01-28
549,CUST_017,Mouse,Center,3424.98,2025-02-10
550,CUST_083,Headphones,South,3388.53,2025-05-20
551,CUST_058,Laptop,North,3474.56,2025-02-10
552,CUST_065,Laptop,South,1891.53,2025-02-17
553,CUST_069,Monitor,South,1230.85,2025-02-10
554,CUST_041,Keyboard,South,3068.59,2025-03-17
555,CUST_076,Mouse,Center,720.5,2025-05-29
556,CUST_034,Laptop,South,1965.84,2025-04-04
557,CUST_055,Monitor,North,3044.87,2025-01-16
558,CUST_087,Keyboard,South,4969.97,2025-05-26
559,CUST_016,Keyboard,Center,2271.15,2025-04-16
560,CUST_070,Headphones,South,3776.05,2025-01-17
561,CUST_098,Mouse,South,3234.03,2025-03-13
562,CUST_055,Monitor,Center,3834.14,2025-03-30
563,CUST_004,Laptop,Center,2740.48,2025-01-28
564,CUST_085,Laptop,South,3718.42,2025-03-31
565,CUST_087,Headphones,Center,211.23,2025-01-03
566,CUST_098,Headphones,North,1254.51,2025-01-04
567,CUST_063,Keyboard,North,3701.07,2025-01-17
568,CUST_012,Mouse,North,2648.02,2025-02-25
569,CUST_044,Headphones,South,1316.07,2025-02-03
570,CUST_064,Laptop,South,1785.76,2025-01-01
571,CUST_067,Mouse,North,1538.58,2025-03-24
572,CUST_044,Mouse,North,2678.68,2025-03-16
573,CUST_036,Keyboard,North,4510.43,2025-02-13
574,CUST_068,Headphones,South,3385.72,2025-03-13
575,CUST_015,Headphones,North,2259.85,2025-02-21
576,CUST_066,Monitor,North,2177.47,2025-02-05
577,CUST_050,Keyboard,South,3396.42,2025-04-22
578,CUST_086,Keyboard,North,3299.38,2025-01-30
579,CUST_076,Headphones,South,3302.34,2025-05-19
580,CUST_087,Monitor,North,1262.92,2025-01-04
581,CUST_017,Mouse,North,2689.97,2025-01-20
582,CUST_051,Headphones,Center,4039.17,2025-03-13
583,CUST_033,Keyboard,Center,2980.41,2025-05-07
584,CUST_070,Monitor,North,3737.2,2025-02-27
585,CUST_027,Headphones,North,3303.59,2025-05-25
586,CUST_031,Monitor,Center,1937.82,2025-03-28
587,CUST_001,Mouse,North,674.73,2025-03-27
588,CUST_068,Keyboard,North,3671.51,2025-01-01
589,CUST_062,Monitor,South,3921.34,2025-04-20
590,CUST_092,Headphones,North,1736.35,2025-04-09
591,CUST_035,Headphones,Center,4345.59,2025-04-29
592,CUST_077,Keyboard,Center,77.06,2025-01-26
593,CUST_051,Keyboard,South,3939.12,2025-04-27
594,CUST_094,Mouse,South,1016.44,2025-05-15
595,CUST_075,Laptop,Center,4785.23,2025-01-30
596,CUST_100,Headphones,Center,163.32,2025-03-12
597,CUST_007,Mouse,Center,851.13,2025-04-08
598,CUST_036,Mouse,North,202.02,2025-02-28
599,CUST_052,Mouse,Center,4249.94,2025-02-18
600,CUST_052,Laptop,South,3221.78,2025-05-23
601,CUST_032,Laptop,North,2724.94,2025-01-29
602,CUST_088,Keyboard,South,3460.86,2025-02-16
603,CUST_097,Mouse,South,4153.33,2025-04-06
604,CUST_088,Headphones,Center,1624.48,2025-01-06
605,CUST_038,Mouse,Center,1587.89,2025-03-21
606,CUST_054,Laptop,South,4165.19,2025-01-06
607,CUST_067,Headphones,Center,157.58,2025-01-03
608,CUST_073,Mouse,South,2340.36,2025-05-04
609,CUST_080,Headphones,Center,793.36,2025-03-13
610,CUST_095,Headphones,North,3733.34,2025-03-29
611,CUST_009,Headphones,North,3365.79,2025-02-16
612,CUST_054,Keyboard,North,3631.97,2025-01-17
613,CUST_081,Monitor,Center,2465.78,2025-04-01
614,CUST_033,Headphones,South,3279.47,2025-05-09
615,CUST_084,Keyboard,South,2375.19,2025-03-01
616,CUST_039,Laptop,South,171.36,2025-04-09
617,CUST_062,Monitor,Center,1778.93,2025-02-14
618,CUST_072,Keyboard,Center,1409.96,2025-05-21
619,CUST_085,Mouse,North,4256.76,2025-04-25
620,CUST_027,Headphones,North,4030.71,2025-05-26
621,CUST_008,Laptop,South,3037.55,2025-01-13
622,CUST_008,Laptop,Center,2815.4,2025-04-04
623,CUST_089,Mouse,Center,755.46,2025-01-01
624,CUST_065,Headphones,South,1757.16,2025-02-15
625,CUST_004,Monitor,South,3479.75,2025-03-30
626,CUST_053,Keyboard,Center,4171.06,2025-02-28
627,CUST_010,Keyboard,South,176.56,2025-04-22
628,CUST_052,Keyboard,Center,4932.64,2025-03-06
629,CUST_096,Headphones,South,4656.34,2025-05-12
630,CUST_043,Monitor,Center,2989.77,2025-03-19
631,CUST_087,Headphones,South,1745.96,2025-02-27
632,CUST_017,Mouse,South,1602.69,2025-05-08
633,CUST_012,Keyboard,South,3989.25,2025-01-08
634,CUST_012,Monitor,Center,262.54,2025-05-20
635,CUST_054,Headphones,Center,579.94,2025-05-30
636,CUST_017,Keyboard,South,3397.87,2025-04-13
637,CUST_080,Keyboard,Center,2835.63,2025-05-31
638,CUST_024,Laptop,South,594.48,2025-02-25
639,CUST_094,Monitor,South,3593.51,2025-02-09
640,CUST_053,Monitor,North,4846.25,2025-01-12
641,CUST_098,Headphones,Center,2914.87,2025-02-01
642,CUST_014,Keyboard,Center,529.69,2025-02-15
643,CUST_052,Laptop,Center,937.2,2025-04-06
644,CUST_082,Laptop,Center,2353.76,2025-05-01
645,CUST_028,Headphones,North,2066.34,2025-01-16
646,CUST_015,Monitor,North,1505.03,2025-02-06
647,CUST_095,Keyboard,North,3882.25,2025-02-22
648,CUST_051,Laptop,Center,1307.08,2025-03-19
649,CUST_007,Headphones,Center,4456.28,2025-03-23
650,CUST_097,Keyboard,Center,2555.96,2025-03-16
651,CUST_069,Laptop,North,1131.42,2025-03-13
652,CUST_056,Keyboard,South,3157.67,2025-02-22
653,CUST_022,Mouse,Center,3003.74,2025-03-25
654,CUST_076,Mouse,Center,2148.42,2025-04-29
655,CUST_057,Keyboard,Center,1219.6,2025-05-09
656,CUST_036,Headphones,Center,1401.78,2025-01-30
657,CUST_016,Monitor,South,4540.5,2025-05-09
658,CUST_099,Keyboard,North,2078.36,2025-04-05
659,CUST_015,Keyboard,South,2147.21,2025-01-04
660,CUST_030,Monitor,North,4127.48,2025-05-10
661,CUST_070,Laptop,North,2967.46,2025-03-13
662,CUST_045,Laptop,South,3456.48,2025-02-14
663,CUST_096,Mouse,South,576.4,2025-02-26
664,CUST_076,Monitor,Center,2709.12,2025-02-16
665,CUST_044,Keyboard,South,2553.34,2025-03-26
666,CUST_035,Keyboard,South,4853.36,2025-01-16
667,CUST_078,Monitor,North,3194.04,2025-05-22
668,CUST_073,Mouse,Center,2309.57,2025-05-27
669,CUST_078,Mouse,South,867.8,2025-02-18
670,CUST_032,Headphones,North,675.69,2025-04-22
671,CUST_059,Laptop,North,442.36,2025-05-04
672,CUST_035,Headphones,Center,63.17,2025-04-19
673,CUST_043,Laptop,Center,130.52,2025-04-28
674,CUST_019,Mouse,Center,1716.55,2025-03-25
675,CUST_074,Mouse,South,2981.69,2025-05-25
676,CUST_014,Headphones,Center,4713.13,2025-04-23
677,CUST_037,Mouse,South,999.46,2025-01-09
678,CUST_039,Mouse,South,1541.11,2025-03-03
679,CUST_044,Mouse,Center,230.81,2025-05-11
680,CUST_070,Keyboard,Center,3746.73,2025-02-10
681,CUST_082,Laptop,Center,4893.95,2025-05-07
682,CUST_087,Headphones,Center,3590.83,2025-04-02
683,CUST_073,Mouse,Center,2581.76,2025-01-21
684,CUST_064,Headphones,North,2887.27,2025-02-01
685,CUST_001,Headphones,North,3543.41,2025-04-06
686,CUST_078,Headphones,North,1635.29,2025-03-13
687,CUST_088,Keyboard,South,4977.41,2025-04-21
688,CUST_093,Monitor,North,3032.49,2025-01-31
689,CUST_097,Keyboard,North,800.03,2025-02-16
690,CUST_040,Mouse,North,1131.33,2025-01-15
691,CUST_001,Monitor,North,590.29,2025-04-03
692,CUST_045,Mouse,South,4602.8,2025-04-04
693,CUST_038,Laptop,South,3666.19,2025-05-21
694,CUST_063,Laptop,Center,3363.18,2025-05-25
695,CUST_061,Mouse,Center,4602.02,2025-02-05
696,CUST_015,Mouse,North,204.59,2025-01-19
697,CUST_043,Laptop,South,4637.54,2025-05-19
698,CUST_099,Mouse,South,364.87,2025-04-14
699,CUST_092,Laptop,North,4196.94,2025-04-18
700,CUST_082,Headphones,Center,3886.1,2025-04-06
701,CUST_039,Keyboard,South,2977.17,2025-01-14
702,CUST_094,Mouse,North,4449.85,2025-04-06
703,CUST_019,Headphones,North,625.17,2025-02-21
704,CUST_066,Keyboard,North,1603.11,2025-02-08
705,CUST_056,Monitor,North,4117.87,2025-02-14
706,CUST_055,Monitor,South,1678.16,2025-05-20
707,CUST_033,Headphones,Center,4410.35,2025-03-13
708,CUST_007,Mouse,Center,3386.57,2025-02-02
709,CUST_098,Laptop,Center,1242.35,2025-03-24
710,CUST_017,Laptop,North,148.35,2025-01-20
711,CUST_046,Monitor,North,648.11,2025-04-27
712,CUST_085,Laptop,North,1704.47,2025-03-21
713,CUST_038,Keyboard,South,3930.64,2025-02-09
714,CUST_083,Monitor,South,1792.14,2025-01-05
715,CUST_068,Laptop,Center,927.86,2025-01-24
716,CUST_063,Monitor,Center,3449.71,2025-04-13
717,CUST_053,Laptop,North,2485.63,2025-01-17
718,CUST_067,Laptop,North,395.06,2025-05-15
719,CUST_021,Laptop,Center,2688.77,2025-04-09
720,CUST_013,Laptop,Center,1892.71,2025-02-04
721,CUST_082,Laptop,North,2208.17,2025-03-29
722,CUST_091,Monitor,South,613.25,2025-03-17
723,CUST_044,Monitor,South,4328.59,2025-05-25
724,CUST_002,Headphones,Center,2481.77,2025-01-02
725,CUST_077,Monitor,South,4916.03,2025-03-16
726,CUST_084,Mouse,South,1632.97,2025-03-11
727,CUST_087,Laptop,Center,367.61,2025-04-10
728,CUST_020,Mouse,North,232.12,2025-05-23
729,CUST_011,Monitor,Center,3049.23,2025-02-18
730,CUST_066,Keyboard,North,2035.64,2025-03-21
731,CUST_052,Keyboard,Center,228.71,2025-05-04
732,CUST_034,Monitor,Center,3140.03,2025-03-14
733,CUST_034,Headphones,Center,2699.6,2025-05-22
734,CUST_008,Keyboard,North,4769.98,2025-03-08
735,CUST_069,Headphones,South,69.14,2025-05-15
736,CUST_020,Monitor,South,2535.79,2025-04-06
737,CUST_056,Monitor,South,1024.42,2025-02-03
738,CUST_086,Mouse,Center,2239.04,2025-03-12
739,CUST_005,Monitor,North,1498.92,2025-02-11
740,CUST_005,Headphones,South,4579.17,2025-02-23
741,CUST_025,Keyboard,Center,4347.85,2025-01-11
742,CUST_020,Mouse,South,4087.3,2025-01-19
743,CUST_023,Keyboard,Center,4042.23,2025-05-05
744,CUST_021,Monitor,South,4212.36,2025-01-21
745,CUST_080,Laptop,Center,2507.8,2025-03-14
746,CUST_019,Keyboard,South,3494.7,2025-03-09
747,CUST_002,Mouse,North,2440.09,2025-02-11
748,CUST_050,Laptop,South,1499.89,2025-05-06
749,CUST_086,Monitor,North,1745.52,2025-03-18
750,CUST_047,Monitor,South,3792.74,2025-03-15
751,CUST_011,Monitor,North,2723.89,2025-05-02
752,CUST_065,Monitor,North,4116.83,2025-04-23
753,CUST_016,Monitor,South,1258.81,2025-02-03
754,CUST_024,Monitor,South,4931.84,2025-03-08
755,CUST_029,Mouse,North,2738.54,2025-02-04
756,CUST_003,Laptop,South,4165.15,2025-05-03
757,CUST_051,Keyboard,South,1472.49,2025-02-14
758,CUST_070,Mouse,Center,1368.35,2025-03-02
759,CUST_072,Monitor,South,4409.24,2025-03-07
760,CUST_015,Monitor,South,3708.14,2025-01-16
761,CUST_032,Headphones,North,549.09,2025-05-12
762,CUST_078,Laptop,North,3691.6,2025-05-05
763,CUST_051,Mouse,South,4479.68,2025-02-27
764,CUST_093,Keyboard,South,4782.94,2025-03-27
765,CUST_001,Keyboard,Center,4161.78,2025-02-11
766,CUST_023,Monitor,North,2412.79,2025-03-29
767,CUST_061,Keyboard,South,3694.86,2025-03-27
768,CUST_023,Laptop,Center,1014.97,2025-05-13
769,CUST_039,Laptop,North,1210.62,2025-02-25
770,CUST_048,Laptop,South,4477.97,2025-04-10
771,CUST_054,Monitor,South,1448.01,2025-03-26
772,CUST_085,Headphones,Center,3645.69,2025-01-01
773,CUST_088,Keyboard,North,1632.54,2025-05-09
774,CUST_066,Monitor,North,1082.32,2025-03-27
775,CUST_009,Mouse,Center,3121.89,2025-03-07
776,CUST_026,Laptop,South,2705.45,2025-05-12
777,CUST_087,Keyboard,South,2940.91,2025-03-11
778,CUST_059,Laptop,North,4138.01,2025-04-08
779,CUST_038,Mouse,North,4107.38,2025-01-20
780,CUST_015,Monitor,Center,1870.23,2025-05-11
781,CUST_082,Keyboard,Center,4798.73,2025-01-16
782,CUST_021,Headphones,Center,1907.66,2025-05-31
783,CUST_038,Keyboard,South,4025.5,2025-01-15
784,CUST_061,Headphones,Center,4065.88,2025-02-04
785,CUST_016,Laptop,South,1254.43,2025-05-30
786,CUST_047,Laptop,South,3914.64,2025-05-03
787,CUST_039,Mouse,North,2647.32,2025-04-20
788,CUST_067,Keyboard,North,3799.95,2025-02-19
789,CUST_013,Headphones,North,1133.79,2025-02-21
790,CUST_068,Mouse,Center,2134.11,2025-03-04
791,CUST_001,Keyboard,Center,3400.27,2025-04-18
792,CUST_063,Laptop,Center,2653.95,2025-01-02
793,CUST_072,Headphones,South,963.59,2025-05-20
794,CUST_090,Headphones,Center,4781.18,2025-03-07
795,CUST_066,Keyboard,North,4352.97,2025-04-20
796,CUST_064,Monitor,North,2407.86,2025-03-12
797,CUST_060,Headphones,Center,2780.11,2025-03-01
798,CUST_088,Headphones,Center,2923.31,2025-01-24
799,CUST_076,Keyboard,South,1131.14,2025-04-11
800,CUST_044,Headphones,Center,2665.29,2025-04-19
801,CUST_085,Mouse,Center,638.05,2025-01-22
802,CUST_010,Laptop,South,1327.68,2025-04-15
803,CUST_065,Monitor,Center,988.67,2025-02-26
804,CUST_014,Monitor,North,2856.28,2025-01-04
805,CUST_080,Headphones,South,2337.61,2025-05-17
806,CUST_034,Laptop,North,161.83,2025-04-26
807,CUST_088,Mouse,South,2203.03,2025-02-11
808,CUST_007,Keyboard,North,2180.95,2025-05-20
809,CUST_066,Headphones,South,2670.01,2025-05-09
810,CUST_088,Headphones,Center,350.69,2025-03-03
811,CUST_062,Laptop,South,1883.34,2025-03-01
812,CUST_016,Mouse,North,1371.43,2025-04-14
813,CUST_098,Monitor,North,2353.86,2025-04-28
814,CUST_099,Laptop,North,3327.5,2025-05-20
815,CUST_044,Monitor,South,1329.29,2025-02-26
816,CUST_005,Mouse,North,1350.68,2025-03-24
817,CUST_096,Mouse,South,622.22,2025-05-07
818,CUST_059,Laptop,Center,2183.63,2025-01-09
819,CUST_055,Headphones,North,3024.72,2025-04-05
820,CUST_071,Laptop,North,2541.67,2025-05-16
821,CUST_061,Laptop,South,1316.62,2025-02-18
822,CUST_078,Keyboard,South,867.71,2025-03-03
823,CUST_087,Keyboard,North,3074.04,2025-01-14
824,CUST_069,Laptop,Center,2037.37,2025-05-11
825,CUST_057,Keyboard,North,4812.1,2025-01-16
826,CUST_021,Mouse,South,4429.22,2025-04-17
827,CUST_043,Headphones,North,1402.83,2025-01-23
828,CUST_044,Keyboard,North,3423.67,2025-02-28
829,CUST_004,Laptop,Center,4826.5,2025-05-30
830,CUST_090,Keyboard,Center,3154.9,2025-05-12
831,CUST_001,Keyboard,Center,149.43,2025-03-17
832,CUST_020,Laptop,North,3205.99,2025-02-01
833,CUST_073,Mouse,North,1459.6,2025-04-10
834,CUST_046,Laptop,North,2733.64,2025-03-27
835,CUST_068,Laptop,South,1687.18,2025-02-03
836,CUST_021,Keyboard,Center,4159.83,2025-03-31
837,CUST_034,Laptop,North,1443.02,2025-03-11
838,CUST_022,Monitor,Center,2472.71,2025-05-05
839,CUST_016,Keyboard,North,1435.44,2025-02-26
840,CUST_075,Headphones,South,3261.58,2025-04-21
841,CUST_039,Laptop,South,4191.89,2025-02-16
842,CUST_020,Keyboard,North,1936.54,2025-03-12
843,CUST_022,Laptop,Center,1654.02,2025-02-14
844,CUST_014,Laptop,South,1536.7,2025-05-02
845,CUST_074,Headphones,South,1045.35,2025-02-10
846,CUST_091,Monitor,South,4423.06,2025-05-20
847,CUST_005,Monitor,North,1796.02,2025-04-11
848,CUST_022,Headphones,South,2998.68,2025-02-15
849,CUST_062,Monitor,South,1743.4,2025-01-25
850,CUST_080,Laptop,North,1563.66,2025-01-27
851,CUST_031,Headphones,Center,1307.87,2025-02-15
852,CUST_092,Laptop,Center,2735.89,2025-03-17
853,CUST_030,Keyboard,South,3737.75,2025-02-21
854,CUST_062,Monitor,Center,1982.75,2025-02-21
855,CUST_050,Keyboard,North,1940.09,2025-02-10
856,CUST_094,Headphones,North,4291.17,2025-05-01
857,CUST_042,Monitor,North,159.47,2025-04-26
858,CUST_050,Mouse,South,3392.6,2025-01-25
859,CUST_026,Laptop,North,2876.78,2025-04-06
860,CUST_003,Laptop,South,980.26,2025-02-16
861,CUST_040,Mouse,South,4818.44,2025-03-14
862,CUST_066,Laptop,Center,2778.5,2025-02-25
863,CUST_023,Mouse,North,3684.32,2025-03-11
864,CUST_071,Headphones,South,3049.94,2025-04-12
865,CUST_051,Keyboard,Center,1218.44,2025-05-12
866,CUST_027,Monitor,North,4745.73,2025-05-07
867,CUST_087,Keyboard,South,4123.83,2025-01-18
868,CUST_057,Laptop,South,3976.63,2025-03-14
869,CUST_035,Keyboard,South,982.02,2025-01-03
870,CUST_008,Laptop,Center,2270.98,2025-05-31
871,CUST_013,Keyboard,South,1198.71,2025-03-19
872,CUST_013,Headphones,North,550.41,2025-03-12
873,CUST_085,Keyboard,Center,2378.41,2025-03-19
874,CUST_001,Mouse,Center,1915.17,2025-03-14
875,CUST_087,Monitor,South,3153.02,2025-04-08
876,CUST_079,Laptop,North,1801.02,2025-04-04
877,CUST_019,Laptop,North,2811.02,2025-01-30
878,CUST_051,Mouse,North,1775.48,2025-02-18
879,CUST_094,Mouse,North,3465.12,2025-05-27
880,CUST_006,Headphones,South,947.4,2025-01-02
881,CUST_042,Mouse,Center,1268.59,2025-05-16
882,CUST_013,Headphones,Center,4848.13,2025-01-21
883,CUST_033,Headphones,South,1196.63,2025-02-03
884,CUST_041,Laptop,South,689.41,2025-01-09
885,CUST_015,Laptop,North,2487.42,2025-05-03
886,CUST_036,Laptop,South,3932.66,2025-05-05
887,CUST_019,Mouse,Center,2639.17,2025-01-13
888,CUST_039,Headphones,Center,3784.9,2025-03-22
889,CUST_088,Keyboard,Center,1119.1,2025-05-22
890,CUST_095,Monitor,Center,2270.59,2025-05-09
891,CUST_072,Monitor,Center,1800.96,2025-04-06
892,CUST_089,Headphones,North,3187.8,2025-03-08
893,CUST_003,Monitor,South,3429.02,2025-01-04
894,CUST_041,Keyboard,North,176.99,2025-05-25
895,CUST_096,Headphones,Center,4245.08,2025-01-09
896,CUST_076,Keyboard,North,1842.83,2025-01-18
897,CUST_041,Headphones,South,1042.11,2025-04-05
898,CUST_088,Laptop,South,4046.48,2025-02-11
899,CUST_031,Headphones,South,2128.58,2025-04-05
900,CUST_090,Mouse,North,1879.69,2025-05-05
901,CUST_055,Laptop,North,3756.71,2025-02-13
902,CUST_063,Laptop,South,3700.11,2025-05-17
903,CUST_075,Monitor,Center,4900.59,2025-02-03
904,CUST_062,Laptop,North,3709.25,2025-04-22
905,CUST_089,Monitor,Center,943.47,2025-02-23
906,CUST_003,Mouse,North,223.3,2025-01-27
907,CUST_039,Keyboard,Center,3591.19,2025-05-20
908,CUST_053,Mouse,South,887.82,2025-03-02
909,CUST_019,Keyboard,South,1527.88,2025-05-15
910,CUST_009,Monitor,Center,1100.34,2025-04-09
911,CUST_072,Headphones,North,2765.58,2025-05-10
912,CUST_004,Mouse,Center,4689.8,2025-01-02
913,CUST_077,Keyboard,Center,2995.58,2025-03-25
914,CUST_017,Keyboard,North,3617.06,2025-03-06
915,CUST_056,Mouse,South,4329.47,2025-01-18
916,CUST_007,Monitor,North,4522.47,2025-05-24
917,CUST_086,Laptop,Center,4054.19,2025-01-02
918,CUST_026,Monitor,Center,1085.18,2025-03-31
919,CUST_092,Headphones,North,3959.15,2025-03-19
920,CUST_038,Mouse,Center,2145.46,2025-04-11
921,CUST_054,Keyboard,South,940.93,2025-01-03
922,CUST_034,Headphones,Center,1971.15,2025-02-14
923,CUST_083,Keyboard,Center,4932.86,2025-03-29
924,CUST_017,Keyboard,Center,2460.06,2025-05-23
925,CUST_077,Mouse,Center,333.96,2025-05-22
926,CUST_098,Keyboard,North,924.35,2025-01-25
927,CUST_086,Laptop,Center,1000.12,2025-02-12
928,CUST_020,Monitor,Center,2224.22,2025-03-18
929,CUST_051,Headphones,Center,1146.88,2025-03-08
930,CUST_080,Keyboard,South,720.78,2025-05-04
931,CUST_013,Monitor,North,3259.99,2025-01-25
932,CUST_004,Monitor,North,2552.21,2025-03-29
933,CUST_011,Monitor,South,657.88,2025-01-03
934,CUST_034,Laptop,South,749.49,2025-01-08
935,CUST_084,Keyboard,North,1664.61,2025-04-30
936,CUST_058,Laptop,North,3941.06,2025-02-11
937,CUST_055,Monitor,South,4217.71,2025-05-22
938,CUST_083,Monitor,North,4315.89,2025-04-05
939,CUST_009,Keyboard,North,1540.0,2025-05-12
940,CUST_083,Headphones,Center,3894.73,2025-03-03
941,CUST_099,Monitor,North,3997.61,2025-01-10
942,CUST_006,Mouse,North,2842.45,2025-04-26
943,CUST_100,Headphones,Center,3673.95,2025-02-02
944,CUST_078,Keyboard,Center,3979.54,2025-04-06
945,CUST_073,Headphones,North,3229.61,2025-01-23
946,CUST_020,Laptop,Center,1640.21,2025-04-28
947,CUST_001,Mouse,North,1295.23,2025-02-06
948,CUST_038,Monitor,Center,1733.19,2025-05-05
949,CUST_082,Headphones,Center,1500.91,2025-02-23
950,CUST_048,Laptop,South,3375.56,2025-03-12
951,CUST_052,Mouse,Center,4514.63,2025-01-05
952,CUST_023,Monitor,North,447.3,2025-02-19
953,CUST_077,Monitor,South,1336.61,2025-01-13
954,CUST_013,Headphones,North,51.3,2025-01-25
955,CUST_091,Monitor,North,4327.44,2025-05-17
956,CUST_047,Laptop,South,2997.89,2025-03-19
957,CUST_047,Mouse,North,1585.5,2025-05-10
958,CUST_009,Monitor,South,2791.08,2025-05-25
959,CUST_003,Keyboard,North,2635.24,2025-05-02
960,CUST_025,Mouse,Center,1885.81,2025-05-31
961,CUST_004,Mouse,Center,4640.21,2025-02-04
962,CUST_081,Monitor,North,1537.14,2025-01-19
963,CUST_007,Monitor,South,4632.62,2025-04-26
964,CUST_047,Mouse,Center,383.15,2025-01-13
965,CUST_021,Laptop,South,1594.64,2025-04-27
966,CUST_081,Headphones,South,630.21,2025-01-24
967,CUST_063,Laptop,Center,3278.07,2025-05-20
968,CUST_022,Laptop,Center,3672.76,2025-04-08
969,CUST_017,Keyboard,North,2161.2,2025-02-26
970,CUST_068,Mouse,North,1615.46,2025-03-05
971,CUST_035,Laptop,Center,4133.39,2025-03-09
972,CUST_092,Keyboard,Center,3284.92,2025-02-04
973,CUST_081,Monitor,North,261.44,2025-02-17
974,CUST_073,Laptop,North,474.85,2025-05-15
975,CUST_050,Monitor,Center,1174.13,2025-01-24
976,CUST_084,Laptop,North,4830.6,2025-05-17
977,CUST_099,Keyboard,Center,463.2,2025-04-08
978,CUST_005,Laptop,Center,492.96,2025-02-14
979,CUST_055,Headphones,Center,1496.27,2025-05-22
980,CUST_084,Keyboard,Center,4908.93,2025-02-05
981,CUST_034,Keyboard,Center,4512.91,2025-01-05
982,CUST_074,Monitor,South,767.32,2025-04-20
983,CUST_064,Headphones,South,1360.39,2025-02-09
984,CUST_018,Monitor,Center,3022.35,2025-04-02
985,CUST_038,Headphones,Center,4866.49,2025-03-25
986,CUST_004,Monitor,Center,2861.42,2025-01-17
987,CUST_002,Mouse,North,4732.11,2025-02-10
988,CUST_006,Keyboard,Center,680.0,2025-04-03
989,CUST_077,Mouse,Center,2846.8,2025-03-25
990,CUST_095,Headphones,North,688.87,2025-05-29
991,CUST_090,Headphones,South,2883.65,2025-01-25
992,CUST_095,Headphones,Center,3240.96,2025-04-19
993,CUST_049,Mouse,South,2822.33,2025-01-11
994,CUST_017,Headphones,Center,2748.94,2025-03-31
995,CUST_059,Keyboard,South,70.44,2025-02-27
996,CUST_015,Mouse,Center,3562.76,2025-04-14
997,CUST_011,Monitor,Center,1708.6,2025-04-02
998,CUST_018,Keyboard,North,1623.69,2025-01-07
999,CUST_058,Keyboard,Center,4031.45,2025-02-04
1000,CUST_055,Monitor,North,3942.33,2025-03-10
